name_jp,name_en,url,comments
マイナビ転職,Mynavi Tenshoku,https://tenshoku.mynavi.jp,
Indeed,Indeed,https://jp.indeed.com,
リクナビ,Rikunabi,https://job.rikunabi.com,
マイナビ,Mynavi,https://job.mynavi.jp,
doda,doda,https://doda.jp,
ビズリーチ,BizReach,https://www.bizreach.jp/,
ビズリーチ・キャンパス,BizReach Campas,https://br-campus.jp/,
リクナビNEXT,Rikunabi NEXT,https://next.rikunabi.com,
エン転職,en Tenshoku,https://employment.en-japan.com,
type,type,https://type.jp,
日経転職版,Nikkei Career,https://career.nikkei.com,
ビズリーチ,BizReach,https://bizreach.jp,
リクルートダイレクトスカウト,Recruit Direct Scout,https://directscout.recruit.co.jp,
ミドルの転職,Mid-Tenshoku,https://mid-tenshoku.com,
Green,Green,https://green-japan.com,
Wantedly,Wantedly,https://wantedly.com,
Findy,Findy,https://findy-code.io,
paiza転職,paiza Career,https://paiza.jp,
Forkwell Jobs,Forkwell Jobs,https://jobs.forkwell.com,
Re就活,Re-katsu,https://re-katsu.jp,
タウンワーク,Townwork,https://townwork.net,
バイトル,Baitoru,https://www.baitoru.com,
求人ボックス,Kyujin Box,https://xn--pckua2a7gp15o89zb.com/,
OpenWork,OpenWork,https://www.openwork.jp/,
engage,engage,https://en-gage.net/,
Geekly,Geekly,https://www.geekly.co.jp/,
LinkedIn,LinkedIn,https://www.linkedin.com/,
ONE CAREER,ONE CAREER,https://www.onecareer.jp,
キャリタス就活,Career-tasu,https://job.career-tasu.jp,
Re就活キャンパス,Re Campus,https://www.gakujo.ne.jp/campus/,
OfferBox,OfferBox,https://offerbox.jp,
キミスカ,Kimisuka,https://kimisuka.com,
dodaキャンパス,doda Campus,https://campus.doda.jp,
外資就活ドットコム,Gaishi Shukatsu,https://gaishishukatsu.com,
レバテックキャリア,LevTech,https://levtech.jp,
レバテックルーキー,LevTech Rookie,https://rookie.levtech.jp,
レバテックダイレクト,Leverages Direct,https://levtech-direct.jp/,
採用プランナー,	Hire Planner,	https://www.hireplanner.com,	
ハローワーク,	Hello Work,	https://www.hellowork.careers,																						
ハローワークインターネットサービス,	Hello Work Internet Service, https://www.hellowork.mhlw.go.jp/,
ジョブメドレー,	Job Medley,	https://job-medley.com/,
アグリナビ,	Agri Navi,	https://www.agri-navi.com/jobdetail/41376,
キャリアマップ,	CareerMap,	https://www.careermap.jp/corporations/104009/jobs,
爬虫類キャリア,	Herp Career, 	https://herp.careers/v1/findy/UTTVPm9hNoIA,
チアリーディングのキャリア,	Cheer Career,	https://cheercareer.jp/companies/4150, 
クアキャリア,	Qua Career,	https://www.webqua.jp/,
ジョブカフェ島根,	job cafe shimane,	https://www.gogo-jobcafe-shimane.jp/,
こんにちは、ボス,	Hello Boss,	https://helloboss.com/,
ドラえもん,	doraever,	https://doraever.jp/,
ベカル,	Becal, 	https://tochigi.becal.jp/,
